{
  "base_files_url": "https://mirror1.undefinedproxy.com/ajgowans/alt-cores/9ca87402c9a920741828426fe0719c1328358f2c/",
  "db_id": "ajgowans/alt-cores",
  "db_url": "https://mirror1.undefinedproxy.com/ajgowans/alt-cores/db/db.json.zip",
  "files": {
    "_Other/Genesis_20251224.rbf": {
      "hash": "4905bc297e199c25f52e10d27768629e",
      "size": 3736528,
      "tags": [
        4,
        20,
        22,
        23
      ],
      "tangle": [
        "genesis_core"
      ]
    },
    "_Other/N64_80MHz_20250811.rbf": {
      "hash": "44d9b9eada4a6189abad03e435c7e4af",
      "size": 3844184,
      "tags": [
        20,
        22,
        24
      ],
      "tangle": [
        "n64_80mhz_core"
      ]
    },
    "_Other/PSX2XCPU_20251205.rbf": {
      "hash": "973d1b0fe1811829b11318182f182fd1",
      "size": 4526012,
      "tags": [
        20,
        22,
        25
      ],
      "tangle": [
        "psx2xcpu_core"
      ]
    }
  },
  "folders": {
    "_Other": {
      "tags": [
        20,
        22
      ]
    }
  },
  "tag_dictionary": {
    "cores": 22,
    "genesis": 4,
    "genesiscore": 23,
    "megadrive": 4,
    "n6480mhz": 24,
    "other": 20,
    "othercores": 20,
    "psx2xcpu": 25
  },
  "timestamp": 1766648490
}