{
  "base_files_url": "https://mirror1.undefinedproxy.com/theypsilon/Distribution_Unofficial_MiSTer/84ef1f306cd93216da274f9e7973ae67f7e91654/",
  "db_id": "theypsilon_unofficial_distribution",
  "db_url": "https://mirror1.undefinedproxy.com/theypsilon/Distribution_Unofficial_MiSTer/main/unofficialdb.json.zip",
  "files": {
    "_Arcade/Nemesis (ROM Version).mra": {
      "hash": "1f45ecd32a440b0f0bfaa74d973c68ed",
      "size": 5314,
      "tags": [
        12,
        16,
        17
      ]
    },
    "_Arcade/_alternatives/_Nemesis/Nemesis (World, ROM Version).mra": {
      "hash": "d3b34de8c3e6be71f54b96517b10caca",
      "size": 5351,
      "tags": [
        12,
        16,
        17,
        18
      ]
    },
    "_Arcade/cores/nemesis_20230929.rbf": {
      "hash": "97585c230d72db734f7e33c871d075bb",
      "size": 3397504,
      "tags": [
        12,
        17,
        19
      ]
    },
    "_Computer/zx48_20210912.rbf": {
      "hash": "cb514b6b17f98653d962466efba47264",
      "size": 3305204,
      "tags": [
        13,
        19,
        20
      ]
    },
    "|docs/zx48/README.md": {
      "hash": "a4f1ea464b2e92ef1b3a6c61fa4d079d",
      "size": 735,
      "tags": [
        20,
        21,
        22
      ]
    }
  },
  "folders": {
    "_Arcade": {
      "tags": [
        12
      ]
    },
    "_Arcade/_alternatives": {
      "tags": [
        12,
        18
      ]
    },
    "_Arcade/_alternatives/_Nemesis": {
      "tags": [
        12,
        17,
        18
      ]
    },
    "_Arcade/cores": {
      "tags": [
        12,
        19
      ]
    },
    "_Computer": {
      "tags": [
        13,
        19
      ]
    },
    "|docs": {
      "tags": [
        21
      ]
    },
    "|docs/zx48": {
      "tags": [
        20,
        21
      ]
    },
    "|games": {
      "tags": [
        23
      ]
    },
    "|games/hbmame": {
      "tags": [
        23,
        24
      ]
    },
    "|games/mame": {
      "tags": [
        23,
        25
      ]
    },
    "|games/zx48": {
      "tags": [
        20,
        23
      ]
    }
  },
  "tag_dictionary": {
    "alternatives": 18,
    "arcade": 12,
    "arcadecores": 12,
    "arcadenemesis": 17,
    "computer": 13,
    "computercores": 13,
    "cores": 19,
    "docs": 21,
    "games": 23,
    "hbmame": 24,
    "mame": 25,
    "mra": 16,
    "readme": 22,
    "zx48": 20
  },
  "timestamp": 1713545376
}